url,category
sach-ky-nang-song,871
sach-nghe-thuat-song-dep,872
sach-huong-nghiep-ky-nang-mem,716
sach-ky-nang-song,870
sach-thai-giao,6138
sach-ky-nang-cho-be,3271
sach-lam-cha-me,3320
sach-dinh-duong-suc-khoe-cho-be,3272
sach-ba-me-em-be,2527
sach-giao-khoa-cap-1,16660
sach-giao-khoa-cap-2,16662
sach-giao-khoa-cap-3,16664
gia-trinh-dai-hoc-cao-dang,6991
sach-giao-khoa-giao-trinh,2321
sach-hoc-tieng-anh,1856
sach-hoc-tieng-nhat,1524
sach-hoc-tieng-han,1526
sach-hoc-tieng-hoa,1881
ngoai-ngu-khac,1527
ngoai-ngu-tu-dien,887
sach-tham-khao-cap-i,2248
sach-tham-khao-cap-ii,2249
sach-tham-khao-cap-iii,2250
sach-luyen-thi-dai-hoc-cao-dang,7971
the-luyen-thi,9997
sach-chuyen-de,18372
sach-tham-khao,2320
tu-dien-tieng-anh,898
tu-dien-tieng-trung,900
tu-dien-tieng-han,899
tu-dien-tieng-nhat,901
tu-dien-tieng-phap,902
tu-dien-tieng-viet,903
tu-dien-ngon-ngu-khac,904
tu-dien,897
kien-thuc-bach-khoa,9733
linh-vuc-khac,886
sach-chiem-tinh-horoscope,7671
sach-giao-duc,877
sach-phong-thuy-kinh-dich,867
triet-hoc,9120
sach-kien-thuc-tong-hop,873
khoa-hoc-ky-thuat,879
lich-su-viet-nam,9724
lich-su-the-gioi,9725
lich-su-dia-ly,880
am-nhac,9727
my-thuat-kien-truc,9728
sach-to-mau-danh-cho-nguoi-lon,4142
dien-anh-nhac-hoa,881
truyen-tranh,1084
ton-giao-tam-linh,861
sach-danh-nhan,858
sach-dia-danh-du-lich,859
sach-phong-tuc-tap-quan,6992
sach-van-hoa-dia-ly-du-lich,857
phap-luat,883
ly-luan-chinh-tri,6993
chinh-tri-phap-ly,875
nong-lam-ngu-nghiep,882
tin-hoc-van-phong,9721
lap-trinh,9723
thiet-ke-do-hoa,9722
cong-nghe-thong-tin,876
y-hoc,885
tap-chi-catalogue,1468
sach-tam-ly-tuoi-teen,850
sach-hon-nhan-gioi-tinh,6994
tam-ly-gioi-tinh,868
cham-soc-suc-khoe,863
may-theu-thoi-trang,6989
sach-lam-dep,4902
sach-day-nau-an,865
sach-thuong-thuc-gia-dinh,862
the-duc-the-thao,6905
sach-truyen-tieng-viet,316
bia-ho-so,1860
but-bi,3978
but-long-kim,3979
but-long-bang-but-long-dau-but-ghi-dia,3980
but-da-quang-but-gel-but-kim-tuyen,3981
but-son-but-ky-thuat-but-tao-hinh,3982
but-cao-cap,3983
ruot-but,3984
but-viet-van-phong,1864
bam-kim-kim-bam,1916
bam-khong-kim,1917
kim-kep,3985
dung-cu-bam-giay,1861
kep-buom-day-deo,3897
bang-keo-keo-ho-cat-keo,3898
keo-dao-roc-giay,9601
ke-dung-ho-so,3899
cam-viet-cac-loai,3900
bang-viet,3486
may-tinh-de-ban,2469
may-tinh-cam-tay,2470
may-tinh-van-phong,1863
muc-cac-loai,3901
may-huy-giay,7992
phan-bang-viet-lau-bang,18378
con-dau,24870
dung-cu-van-phong-khac,18380
thiet-bi-van-phong,1862
but-muc-but-may,1868
but-bi-ruot-but-bi,1869
but-chi-ruot-but-chi,1870
but-cao-cap,1872
but-long-kim,1873
but-long-bang,1875
but-da-quang,1874
but-son,1876
but-chuyen-dung,1879
but-gel-but-nuoc,9216
but-xoa-xoa-keo,1871
but-ve-ky-thuat,11118
but-ve-tren-vai,11119
but-viet-thu-phap,11120
but-viet-hoc-sinh,15464
vpp-but-viet,1858
co-ve-mau-nuoc,2539
chi-mau-sap-mau,4261
but-long-mau,8934
sap-chi-mau-cho-be,15448
but-mau-but-sap,2538
bao-tap-bao-sach,3986
tu-dien-dien-tu,2451
bang-dia-giao-trinh,2542
san-pham-giao-duc-dien-tu,2450
hop-but-khay-cam-but,1880
bang-viet,2376
tap-hoc-sinh,2456
vi-bo-dung-cu-hoc-sinh,6401
got-but-chi-gom-tay,9283
thuoc-ke-compa,9602
compa,9603
sap-nan,24734
dung-cu-hoc-sinh-khac,24868
dung-cu-hoc-sinh,2365
flashcard-tieng-anh-toeic,6264
flashcard-tieng-anh-ielts,6265
flashcard-tieng-anh-tu-vung-chu-de,6267
flashcard-tieng-anh-toefl,6266
flashcard-tieng-anh,4734
flashcard-tieng-nhat,4735
flashcards-cho-be,9176
flashcard-tieng-trung,6105
flashcard-luyen-thi-tieng-anh,15466
flashcard-tieng-han,18382
flashcard-hoc,1910
so-tay-so-ghi-chep,1899
tap-4-o-ly,24872
tap-5-o-ly,24874
tap-ke-ngang,24876
tap-vo-cac-loai,1907
dia-nhac,2369
bao-li-xi,11926
the-loai-khac,2375
cd-dvd,2333
thiet-bi-giao-duc-truong-hoc,6210
balo-hoc-sinh-cap-hoc-sinh,5674
may-tinh-de-ban,1923
may-tinh-bo-tui,1925
may-tinh-khoa-hoc,1922
phu-kien-trang-tri-may-tinh,4645
may-tinh-dien-tu,2452
lich-ban,4314
lich-bloc,4313
lich-to-lich-lo-xo,3893
so-agenda,4315
lich,3892
but-ky-thuat,16458
giay-notes,1909
giay-thu-cong,18394
giay-in-fax-photo,1908
cac-loai-giay-khac,5029
giay-bia-decal,18386
giay-cac-loai,18390
hop-va-thung-luu-tru,18388
san-pham-ve-giay,2368
ban-cat-giay,18400
may-dong-gay-lo-xo,18402
may-ep-plastic,18404
thiet-bi-van-phong-khac,18406
thiet-bi-van-phong,18398
van-phong-pham-qua-luu-niem,7741
thu-bong,4624
bookmark,6225
thiep-buu-anh,6541
qua-tang-trang-suc,18330
album-khung-hinh,8264
mo-hinh-trang-tri,18332
sticker-decal-trang-tri,18334
ly-coc,6246
kep-anh-go,6226
hop-qua-tui-qua,18346
tuong,6215
moc-khoa-phu-kien-trang-tri,8265
dong-ho-cat,6212
qua-cau-tuyet,6213
hop-nhac,6214
phu-kien-vat-lieu-trang-tri,18342
qua-tang-trang-tri-khac,18344
guong-mini,25706
qua-luu-niem,18328
nha-sach-tiki,8322
tivi-cao-cap,12900
smart-tivi-android-tivi,4239
internet-tivi,11524
tivi-4k,6280
tivi-thuong-led,4236
tivi-qled,8950
tivi-oled,7603
tivi,5015
android-tv-box-smart-box,7074
dieu-khien-tu-xa-tivi,7083
dau-thu-ky-thuat-so,26640
anten-tivi,26642
gia-treo-tivi,7084
cap-tivi,26638
bo-ve-sinh-bao-ve-tivi,28880
phu-kien-tivi,7082
am-thanh-phu-kien-tivi,26568
may-giat,3862
may-say-quan-ao,3863
may-rua-chen,3864
may-lanh-may-dieu-hoa,3865
may-nuoc-nong,3866
tu-lanh,2328
tu-dong-tu-mat,3868
tu-uop-ruou,3869
phu-kien-linh-kien-tu-lanh,28884
phu-kien-linh-kien-may-lanh,28886
phu-kien-linh-kien-may-nuoc-nong,28888
phu-kien-linh-kien-may-giat,28890
phu-kien-linh-kien-dien-lanh-khac,28892
phu-kien-dien-lanh,8074
dien-tu-dien-lanh,4221
banh-bong-ban,23884
cot-vot-bong-ban,23886
mat-vot-bong-ban,23888
vot-bong-ban,23890
ban-bong-ban,23892
may-ban-bong-ban,23894
phu-kien-bong-ban,23896
bong-ban,1977
vot-cau-long,23898
qua-cau-long,23900
phu-kien-cau-long,23902
trang-thiet-bi-san-cau-long,23904
cau-long,8438
tennis,8440
cac-mon-the-thao-choi-vot,8411
gay-bong-chay,23916
qua-bong-chay,23918
gang-tay-bong-chay,23920
bong-chay,8443
bong-ro,23940
vanh-bong-ro,23942
trang-thiet-bi-san-bong-ro,23944
phu-kien-bong-ro,23946
bong-ro,2980
bong-da,2981
bong-chuyen,8444
cau-da-cau-may,2156
the-thao-dong-doi,4227
boxing,23948
kick-boxing,23950
muay-thai,23952
mma,23954
karatedo,23956
aikido,23958
taekwondo,23966
judo,23970
vovinam,23972
vo-co-truyen,23974
cac-mon-the-thao-doi-khang,23120
trang-phuc-the-duc-dung-cu,24028
dung-cu-thiet-bi-the-duc-dung-cu,24030
phu-kien-the-duc-dung-cu,24032
the-duc-dung-cu,8445
phu-kien-bowling-khac,24046
bowling,24036
ban-bida,24078
bi-bida,24080
co,24082
phu-kien-bida-khac,24086
bida,24052
phong-phi-tieu,24058
bo-mon-nem-dia,24060
gay-golf,24092
tui-golf,24094
banh-golf,24096
gang-tay-golf,24098
tham-tap-golf,24100
phu-kien-golf,24102
golf,24064
giay-patin,24104
phu-kien-giay-patin,24106
dung-cu-bao-ho-truot-patin,24108
truot-patin,24068
tham-yoga,24122
bong-tap-yoga,24124
phu-kien-yoga-khac,24126
yoga,24074
van-truot,24110
phu-kien-van-truot,24112
dung-cu-bao-ho-truot-van,24114
truot-van,8437
cac-mon-the-thao-khac,24002
may-chay-bo,24130
xe-dap-tap,24132
may-rung-giam-can,24134
gian-ta-da-nang,24136
xa-don,24138
xa-kep,24140
con-lan-tap-bung,24144
ghe-cong-lung-tap-bung,24146
may-tap-bung,24148
dung-cu-tap-eo,24150
dung-cu-thiet-bi-tap-bung-eo,24142
day-nhay,24152
ta-doi,24154
ta-deo-tay-chan,24156
ta-mieng,24158
ta-voi,24160
phu-kien-ta-tap,24162
ta-tay-ta-mieng,3323
day-dan-hoi-tap-gym,24164
dung-cu-tap-co-tay,24166
dung-cu-hit-dat,24168
dung-cu-tap-the-thao-khac,24170
dung-cu-thiet-bi-tap-the-thao,24128
giay-chay-bo-nam,24174
giay-bong-chuyen-nam,24176
giay-da-bong-nam,24178
giay-cau-long-nam,24180
giay-tennis-nam,24182
giay-bong-ro-nam,24184
giay-bong-ban-nam,24186
giay-leo-nui-nam,24188
giay-danh-golf-nam,24190
giay-the-thao-nam-khac,30964
giay-the-thao-nam,6826
ao-the-thao-nam,24196
quan-the-thao-nam,24198
quan-ao-da-banh-nam,24200
quan-ao-cau-long-nam,24202
quan-ao-golf-nam,24204
quan-ao-tennis-nam,24206
quan-ao-bong-ban-nam,24208
quan-ao-bong-chuyen-nam,24212
quan-ao-bong-ro-nam,24214
trang-phuc-the-thao-nam,6140
giay-chay-bo-nu,24218
giay-cau-long-nu,24222
giay-tennis-nu,24224
giay-bong-ro-nu,24226
giay-leo-nui-nu,24228
giay-bong-chuyen-nu,24234
giay-the-thao-nu-khac,32874
giay-the-thao-nu,6827
ao-the-thao-nu,24238
quan-the-thao-nu,24240
quan-ao-da-banh-nu,24242
quan-ao-golf-nu,24244
quan-ao-cau-long-nu,24246
quan-ao-tennis-nu,24248
quan-ao-bong-chuyen-nu,24254
quan-ao-bong-ro-nu,24256
trang-phuc-the-thao-nu,6141
gay-leo-nui,24260
thiet-bi-ho-tro-leo-day,24262
dung-cu-bao-ho-leo-nui,24264
balo-leo-nui,24266
phu-kien-leo-nui-khac,24268
dung-cu-leo-nui,24258
dao-xep-da-nang,24272
kim-da-nang,24274
bat-lua-zippo,24276
leu-trai-mai-che,24278
tui-ngu,24280
tham-da-ngoai,24282
den-pin-doi-dau,3242
la-ban,24284
trang-phuc-phu-kien-chong-tham-nuoc,24286
ban-ghe-xep-da-ngoai,24288
bep-noi-da-ngoai,24290
do-dung-da-ngoai-khac,24292
do-dung-da-ngoai,8428
can-cau,24296
luoi-moi-phao,24298
day-cau,24300
may-cau,24302
dung-cu-cau-ca-khac,24304
dung-cu-cau-ca,24294
binh-nuoc-the-thao,8459
dung-cu-co-dong-co-vu,8451
thiet-bi-dien-tu-the-thao,24308
thiet-bi-so-cuu,8458
dai-chay-bo,24310
tui-the-thao,8456
bang-co-tay-bang-tran-the-thao,12218
non-mu-the-thao,24312
khan-da-nang-khan-the-thao,24314
gang-tay-tap-gym,24316
phu-kien-the-thao-khac,24318
vo-the-thao,39752
phu-kien-the-thao,24306
kinh-boi,24320
non-boi,24322
phao-boi,24324
phu-kien-boi-loi,24326
quan-ao-boi-chuyen-dung-nam,44464
quan-ao-boi-chuyen-dung-nu,44462
boi-loi,2157
luot-van,8447
cheo-thuyen,8448
phao-truot,8450
kinh-lan-ong-tho-mat-na-lan,24330
trang-phuc-lan,24332
chan-nhai,24334
phu-kien-lan-bien-khac,24336
lan-bien,24328
the-thao-duoi-nuoc,8413
thuc-pham-tang-can,10804
thuc-pham-giam-can,10805
thuc-pham-tang-co,10806
thuc-pham-tang-suc-ben,10807
bo-sung-nang-luong,10808
bo-sung-vitamin,10809
bo-sung-nang-luong-khac,24338
bo-sung-vitamin-va-dien-giai,24340
thuc-pham-bo-sung-nang-luong,10803
the-thao-da-ngoai,1975
may-anh-compact-may-anh-du-lich,1808
may-anh-dslr,1809
may-anh-mirrorless,2658
may-anh-lay-lien,2144
may-chup-anh-phim,28808
may-anh,28806
pin-sac-may-anh-may-quay,2662
dung-cu-ve-sinh-may-anh,20260
phu-kien-may-anh-may-quay-khac,8054
mieng-dan-bao-ve-man-hinh-may-anh,20262
kinh-loc-filter,1841
dieu-khien-tu-xa,28758
phu-kien-cho-ong-kinh,28756
adapter-ngam-chuyen,20264
lens-hood,20266
gimbal,28760
nap-ong-kinh,28762
ngam-gan-may-quay-tren-nguoi,28764
tui-hut-am-cho-may-anh-may-quay,28766
hop-chup-anh-san-pham,28768
chan-may-anh-monopod-tripod,2678
the-nho-sd,2681
the-nho-cf,2682
the-nho-may-anh-khac,28770
the-nho-may-anh,1839
thiet-bi-rua-anh,28772
film-may-anh,28774
thiet-bi-phong-toi,28776
phu-kien-may-anh-may-quay,1818
hop-dung-tu-chong-am,1843
bao-dung-chong-soc-chong-nuoc,20270
day-deo-may-anh-may-quay-ong-nhom,28780
tui-dung-may-anh,28778
tui-va-hop-dung-may-quay,28782
tui-va-hop-dung-may-anh,28784
hop-dung-filter,28786
hop-dung-lens,28788
tui-dung-kinh-vien-vong,28790
tui-dung-chan-de-tripod-va-monopod,28792
balo-tui-dung-bao-da,1840
ong-nhom,20268
ong-ngam,28796
kinh-hien-vi,28798
kinh-nhin-dem,28800
kinh-vien-vong-kinh-thien-van,28802
phu-kien-ong-kinh-ong-ngam,28804
ong-kinh-ong-ngam,28794
ong-kinh-may-anh,28812
ong-kinh-lens,2757
den-chieu-sang-studio,28816
may-do-sang-va-phu-kien,28818
den-flash-va-phu-kien,4075
thiet-bi-phan-sang-va-phu-kien,28820
thiet-bi-anh-sang,28814
may-quay-phim,4074
may-quay-phim-chuyen-dung,28824
micro-cho-may-quay,28826
phu-kien-may-quay-khac,28828
thiet-bi-quay-phim,28822
camera-ip,5121
camera-quan-sat-analog,5123
dau-ghi-hinh-camera,5124
he-thong-camera-giam-sat,28832
phu-kien-camera-giam-sat,7912
camera-giam-sat,4077
may-bay-camera-drone,8048
phu-kien-may-bay-camera-drone,8049
linh-kien-thay-the-may-bay-camera-drone,8050
may-bay-camera-va-phu-kien,8047
action-camera,4879
phu-kien-camera-hanh-trinh,28836
camera-hanh-trinh-o-to-xe-may,4079
camera-hanh-trinh-action-camera-va-phu-kien,28834
may-anh,1801
san-pham-tai-chinh-bao-hiem,54042
